{
    "variable": [
        {
            "id": "baseUrl",
            "key": "baseUrl",
            "type": "string",
            "name": "string",
            "value": "http:\/\/localhost:8000"
        }
    ],
    "info": {
        "name": "Laravel API Documentation",
        "_postman_id": "fe8c6486-f80c-444f-84c2-0bcc02b74fa8",
        "description": "",
        "schema": "https:\/\/schema.getpostman.com\/json\/collection\/v2.1.0\/collection.json"
    },
    "item": [
        {
            "name": "Authentication",
            "description": "",
            "item": [
                {
                    "name": "User login with contact number",
                    "request": {
                        "url": {
                            "host": "{{baseUrl}}",
                            "path": "api\/login",
                            "query": [],
                            "raw": "{{baseUrl}}\/api\/login"
                        },
                        "method": "POST",
                        "header": [
                            {
                                "key": "Content-Type",
                                "value": "application\/json"
                            },
                            {
                                "key": "Accept",
                                "value": "application\/json"
                            }
                        ],
                        "body": {
                            "mode": "raw",
                            "raw": "{\"contact_number\":\"+60123456789\",\"password\":\"password123\"}"
                        },
                        "description": "Authenticate a user using contact number and password. Returns a Sanctum bearer token\nthat should be included in subsequent API requests in the Authorization header as:\n`Authorization: Bearer {token}`",
                        "auth": {
                            "type": "noauth"
                        }
                    },
                    "response": [
                        {
                            "header": [],
                            "code": 200,
                            "body": "{\n  \"token\": \"1|abcdefghijklmnopqrstuvwxyz1234567890\",\n  \"token_type\": \"Bearer\",\n  \"user\": {\n    \"id\": 1,\n    \"name\": \"John Doe\",\n    \"username\": \"johndoe\",\n    \"email\": \"john@example.com\",\n    \"contact_number\": \"+60123456789\",\n    \"date_of_birth\": \"1990-01-15\",\n    \"gender\": \"male\",\n    \"ic_number\": \"900115-01-1234\",\n    \"position\": \"Software Engineer\",\n    \"company_id\": 1,\n    \"role\": \"staff\",\n    \"created_at\": \"2025-01-01T00:00:00.000000Z\",\n    \"updated_at\": \"2025-01-10T12:00:00.000000Z\"\n  }\n}",
                            "name": ""
                        },
                        {
                            "header": [],
                            "code": 401,
                            "body": "{\n  \"message\": \"Invalid credentials\"\n}",
                            "name": ""
                        },
                        {
                            "header": [],
                            "code": 401,
                            "body": "{\"message\": \"Invalid credentials\"}",
                            "name": ""
                        },
                        {
                            "header": [],
                            "code": 422,
                            "body": "{\n  \"message\": \"The contact number field is required.\",\n  \"errors\": {\n    \"contact_number\": [\n      \"The contact number field is required.\"\n    ]\n  }\n}",
                            "name": ""
                        }
                    ]
                }
            ]
        },
        {
            "name": "Bills",
            "description": "",
            "item": [
                {
                    "name": "Display a listing of bills with pagination support.",
                    "request": {
                        "url": {
                            "host": "{{baseUrl}}",
                            "path": "api\/bills",
                            "query": [
                                {
                                    "key": "per_page",
                                    "value": "20",
                                    "description": "Number of items per page (default: 20).",
                                    "disabled": false
                                },
                                {
                                    "key": "page",
                                    "value": "1",
                                    "description": "Page number (default: 1).",
                                    "disabled": false
                                },
                                {
                                    "key": "include_voided",
                                    "value": "1",
                                    "description": "If true, returns only voided bills. If false or not set, returns only active bills (default: false).",
                                    "disabled": false
                                }
                            ],
                            "raw": "{{baseUrl}}\/api\/bills?per_page=20&page=1&include_voided=1"
                        },
                        "method": "GET",
                        "header": [
                            {
                                "key": "Content-Type",
                                "value": "application\/json"
                            },
                            {
                                "key": "Accept",
                                "value": "application\/json"
                            }
                        ],
                        "body": null,
                        "description": "By default, only shows non-voided bills for the authenticated user's company.\nSet `include_voided=true` to return only voided bills."
                    },
                    "response": [
                        {
                            "header": [],
                            "code": 200,
                            "body": "{\n  \"data\": [\n    {\n      \"id\": 1,\n      \"bill_code\": \"BILL000001\",\n      \"date\": \"2025-12-10\",\n      \"bus_datetime\": \"2025-12-10T04:30:00Z\",\n      \"amount\": 100.50,\n      \"is_paid\": false,\n      \"customer_info\": {\n        \"name\": \"John Doe\",\n        \"phone\": \"0123456789\",\n        \"address\": \"123 Main St\"\n      },\n      \"media_attachment_url\": \"https:\/\/example.com\/storage\/bills\/img.png\",\n      \"payment_proof_attachment_url\": \"https:\/\/example.com\/storage\/bills\/proof.pdf\"\n    }\n  ],\n  \"current_page\": 1,\n  \"per_page\": 20,\n  \"total\": 100,\n  \"last_page\": 5,\n  \"from\": 1,\n  \"to\": 20\n}",
                            "name": ""
                        }
                    ]
                },
                {
                    "name": "Display the specified bill.",
                    "request": {
                        "url": {
                            "host": "{{baseUrl}}",
                            "path": "api\/bills\/:id",
                            "query": [],
                            "raw": "{{baseUrl}}\/api\/bills\/:id",
                            "variable": [
                                {
                                    "id": "id",
                                    "key": "id",
                                    "value": "architecto",
                                    "description": "The ID of the bill."
                                }
                            ]
                        },
                        "method": "GET",
                        "header": [
                            {
                                "key": "Content-Type",
                                "value": "application\/json"
                            },
                            {
                                "key": "Accept",
                                "value": "application\/json"
                            }
                        ],
                        "body": null,
                        "description": "Only shows non-voided bills for the authenticated user's company."
                    },
                    "response": [
                        {
                            "header": [],
                            "code": 200,
                            "body": "{\n  \"data\": {\n    \"id\": 1,\n    \"bill_code\": \"BILL000001\",\n    \"date\": \"2025-12-10\",\n    \"amount\": 3000.00,\n    \"description\": null,\n    \"payment_details\": {\n      \"method\": \"cash\",\n      \"date\": \"2025-12-10\"\n    },\n    \"customer_info\": {\n      \"name\": \"John Doe\",\n      \"phone\": \"+60123456789\",\n      \"address\": \"123 Main St\"\n    },\n    \"is_paid\": false,\n    \"eta\": \"3\",\n    \"sst_details\": null,\n    \"media_attachment_url\": \"http:\/\/example.com\/storage\/bills\/image.png\",\n    \"payment_proof_attachment_url\": \"http:\/\/example.com\/storage\/bills\/proof.pdf\",\n    \"company\": {\n      \"id\": 1,\n      \"name\": \"Company Name\"\n    },\n    \"courier_policy\": null,\n    \"creator\": {\n      \"id\": 2,\n      \"name\": \"Alice\"\n    },\n    \"checker\": {\n      \"id\": 3,\n      \"name\": \"Bob\"\n    },\n    \"created_at\": \"2025-12-10T02:06:54.000000Z\",\n    \"updated_at\": \"2025-12-10T03:01:06.000000Z\"\n  }\n}",
                            "name": ""
                        },
                        {
                            "header": [],
                            "code": 403,
                            "body": "{\n  \"message\": \"User does not have an associated company\"\n}",
                            "name": ""
                        },
                        {
                            "header": [],
                            "code": 404,
                            "body": "{\n  \"message\": \"Bill not found\"\n}",
                            "name": ""
                        }
                    ]
                },
                {
                    "name": "Store a newly created resource in storage.",
                    "request": {
                        "url": {
                            "host": "{{baseUrl}}",
                            "path": "api\/bills",
                            "query": [],
                            "raw": "{{baseUrl}}\/api\/bills"
                        },
                        "method": "POST",
                        "header": [
                            {
                                "key": "Content-Type",
                                "value": "multipart\/form-data"
                            },
                            {
                                "key": "Accept",
                                "value": "application\/json"
                            }
                        ],
                        "body": {
                            "mode": "formdata",
                            "formdata": [
                                {
                                    "key": "date",
                                    "value": "2025-12-10",
                                    "type": "text",
                                    "description": "The bill date (Y-m-d format)."
                                },
                                {
                                    "key": "bus_datetime",
                                    "value": "architecto",
                                    "type": "text",
                                    "description": "Optional bus departure datetime (Y-m-d H:i:s format). Used for grouping bills by vehicle departure."
                                },
                                {
                                    "key": "amount",
                                    "value": "100.5",
                                    "type": "text",
                                    "description": "The bill amount."
                                },
                                {
                                    "key": "description",
                                    "value": "Eius et animi quos velit et.",
                                    "type": "text",
                                    "description": "Optional description."
                                },
                                {
                                    "key": "payment_method",
                                    "value": "architecto",
                                    "type": "text",
                                    "description": "Optional payment method (cash, bank_transfer, credit_card, e_wallet)."
                                },
                                {
                                    "key": "payment_date",
                                    "value": "architecto",
                                    "type": "text",
                                    "description": "Optional payment date (Y-m-d format)."
                                },
                                {
                                    "key": "customer_name",
                                    "value": "architecto",
                                    "type": "text",
                                    "description": "Optional customer name."
                                },
                                {
                                    "key": "customer_phone",
                                    "value": "architecto",
                                    "type": "text",
                                    "description": "Optional customer phone."
                                },
                                {
                                    "key": "customer_address",
                                    "value": "architecto",
                                    "type": "text",
                                    "description": "Optional customer address."
                                },
                                {
                                    "key": "from_company_id",
                                    "value": "16",
                                    "type": "text",
                                    "description": "Optional from company ID."
                                },
                                {
                                    "key": "to_company_id",
                                    "value": "16",
                                    "type": "text",
                                    "description": "Optional to company ID."
                                },
                                {
                                    "key": "sender_name",
                                    "value": "architecto",
                                    "type": "text",
                                    "description": "Optional sender name."
                                },
                                {
                                    "key": "sender_phone",
                                    "value": "architecto",
                                    "type": "text",
                                    "description": "Optional sender phone."
                                },
                                {
                                    "key": "receiver_name",
                                    "value": "architecto",
                                    "type": "text",
                                    "description": "Optional receiver name."
                                },
                                {
                                    "key": "receiver_phone",
                                    "value": "architecto",
                                    "type": "text",
                                    "description": "Optional receiver phone."
                                },
                                {
                                    "key": "courier_policy_id",
                                    "value": "16",
                                    "type": "text",
                                    "description": "Optional courier policy ID."
                                },
                                {
                                    "key": "eta",
                                    "value": "architecto",
                                    "type": "text",
                                    "description": "Optional estimated time of arrival."
                                },
                                {
                                    "key": "sst_rate",
                                    "value": "4326.41688",
                                    "type": "text",
                                    "description": "Optional SST rate percentage."
                                },
                                {
                                    "key": "sst_amount",
                                    "value": "4326.41688",
                                    "type": "text",
                                    "description": "Optional SST amount."
                                },
                                {
                                    "key": "is_paid",
                                    "value": "1",
                                    "type": "text",
                                    "description": "Optional flag to mark bill as paid. Defaults to false."
                                },
                                {
                                    "key": "media_attachment",
                                    "src": [],
                                    "type": "file"
                                },
                                {
                                    "key": "payment_proof_attachment",
                                    "src": [],
                                    "type": "file"
                                }
                            ]
                        },
                        "description": ""
                    },
                    "response": [
                        {
                            "header": [],
                            "code": 201,
                            "body": "{\n  \"message\": \"Bill created successfully\",\n  \"data\": {\n    \"id\": 1,\n    \"bill_code\": \"BILL000001\",\n    \"is_paid\": false,\n    ...\n  }\n}",
                            "name": ""
                        },
                        {
                            "header": [],
                            "code": 403,
                            "body": "{\n  \"message\": \"User does not have an associated company\"\n}",
                            "name": ""
                        },
                        {
                            "header": [],
                            "code": 422,
                            "body": "{\n  \"message\": \"Validation failed\",\n  \"errors\": {...}\n}",
                            "name": ""
                        }
                    ]
                },
                {
                    "name": "Void (soft delete) the specified bill.",
                    "request": {
                        "url": {
                            "host": "{{baseUrl}}",
                            "path": "api\/bills\/:id",
                            "query": [],
                            "raw": "{{baseUrl}}\/api\/bills\/:id",
                            "variable": [
                                {
                                    "id": "id",
                                    "key": "id",
                                    "value": "architecto",
                                    "description": "The ID of the bill."
                                }
                            ]
                        },
                        "method": "DELETE",
                        "header": [
                            {
                                "key": "Content-Type",
                                "value": "application\/json"
                            },
                            {
                                "key": "Accept",
                                "value": "application\/json"
                            }
                        ],
                        "body": null,
                        "description": "Once voided, the bill will not appear in index or show endpoints.\nTo correct a mistake, void the bill and create a new one."
                    },
                    "response": [
                        {
                            "header": [],
                            "code": 200,
                            "body": "{\n  \"message\": \"Bill voided successfully\"\n}",
                            "name": ""
                        },
                        {
                            "header": [],
                            "code": 400,
                            "body": "{\n  \"message\": \"Bill is already voided\"\n}",
                            "name": ""
                        },
                        {
                            "header": [],
                            "code": 403,
                            "body": "{\n  \"message\": \"User does not have an associated company\"\n}",
                            "name": ""
                        },
                        {
                            "header": [],
                            "code": 404,
                            "body": "{\n  \"message\": \"Bill not found\"\n}",
                            "name": ""
                        }
                    ]
                },
                {
                    "name": "Generate bill template\/receipt PDF for a specific bill.",
                    "request": {
                        "url": {
                            "host": "{{baseUrl}}",
                            "path": "api\/bills\/:id\/template",
                            "query": [],
                            "raw": "{{baseUrl}}\/api\/bills\/:id\/template",
                            "variable": [
                                {
                                    "id": "id",
                                    "key": "id",
                                    "value": "architecto",
                                    "description": "The ID of the bill."
                                }
                            ]
                        },
                        "method": "GET",
                        "header": [
                            {
                                "key": "Content-Type",
                                "value": "application\/json"
                            },
                            {
                                "key": "Accept",
                                "value": "application\/json"
                            }
                        ],
                        "body": null,
                        "description": "Returns a PDF file that will be downloaded automatically."
                    },
                    "response": [
                        {
                            "header": [],
                            "code": 200,
                            "body": "Binary PDF file",
                            "name": ""
                        },
                        {
                            "header": [],
                            "code": 403,
                            "body": "{\n  \"message\": \"User does not have an associated company\"\n}",
                            "name": ""
                        },
                        {
                            "header": [],
                            "code": 404,
                            "body": "{\n  \"message\": \"Bill not found\"\n}",
                            "name": ""
                        }
                    ]
                }
            ]
        },
        {
            "name": "Checklist",
            "description": "\nAPI for managing daily bus checklists.\n\nThis resource allows viewing and updating checklist status for bus departures.\nNote: These endpoints return JSON responses for use in mobile apps or API clients.",
            "item": [
                {
                    "name": "List Today's Checklists",
                    "request": {
                        "url": {
                            "host": "{{baseUrl}}",
                            "path": "api\/checklists",
                            "query": [],
                            "raw": "{{baseUrl}}\/api\/checklists"
                        },
                        "method": "GET",
                        "header": [
                            {
                                "key": "Content-Type",
                                "value": "application\/json"
                            },
                            {
                                "key": "Accept",
                                "value": "application\/json"
                            }
                        ],
                        "body": null,
                        "description": "Display a listing of checklists for the current date, grouped by bus departure time.\nReturns a JSON response containing the list of departure times and their status."
                    },
                    "response": [
                        {
                            "header": [],
                            "code": 200,
                            "body": "{\n   \"success\": true,\n   \"data\": [\n        {\n            \"bus_datetime\": \"2025-12-15 08:30:00\",\n            \"status\": \"pending\",\n            \"checked_by\": \"-\"\n        }\n    ]\n}",
                            "name": ""
                        }
                    ]
                },
                {
                    "name": "Show Checklist Details",
                    "request": {
                        "url": {
                            "host": "{{baseUrl}}",
                            "path": "api\/checklists\/:bus_datetime",
                            "query": [],
                            "raw": "{{baseUrl}}\/api\/checklists\/:bus_datetime",
                            "variable": [
                                {
                                    "id": "bus_datetime",
                                    "key": "bus_datetime",
                                    "value": "2025-12-15+08%3A30%3A00",
                                    "description": "The departure datetime to view."
                                }
                            ]
                        },
                        "method": "GET",
                        "header": [
                            {
                                "key": "Content-Type",
                                "value": "application\/json"
                            },
                            {
                                "key": "Accept",
                                "value": "application\/json"
                            }
                        ],
                        "body": null,
                        "description": "Display the specific checklist for a given bus departure datetime.\nReturns a JSON response with the list of bills\/items for that departure."
                    },
                    "response": [
                        {
                            "header": [],
                            "code": 200,
                            "body": "{\n   \"success\": true,\n   \"data\": {\n       \"bus_datetime\": \"2025-12-15 08:30:00\",\n       \"bills\": [\n            {\n                \"id\": 1,\n                \"bill_code\": \"INV-001\",\n                ...\n            }\n       ]\n   }\n}",
                            "name": ""
                        }
                    ]
                },
                {
                    "name": "Save Checklist",
                    "request": {
                        "url": {
                            "host": "{{baseUrl}}",
                            "path": "api\/checklists\/save",
                            "query": [],
                            "raw": "{{baseUrl}}\/api\/checklists\/save"
                        },
                        "method": "POST",
                        "header": [
                            {
                                "key": "Content-Type",
                                "value": "application\/json"
                            },
                            {
                                "key": "Accept",
                                "value": "application\/json"
                            }
                        ],
                        "body": {
                            "mode": "raw",
                            "raw": "{\"bill_ids\":[1,2,3]}"
                        },
                        "description": "Mark selected bills as checked\/verified by the authenticated user.\nUpdates the `checked_by` field for the provided bill IDs."
                    },
                    "response": [
                        {
                            "header": [],
                            "code": 200,
                            "body": "{\n   \"success\": true,\n   \"message\": \"Checklist saved\"\n}",
                            "name": ""
                        }
                    ]
                }
            ]
        },
        {
            "name": "Dashboard",
            "description": "",
            "item": [
                {
                    "name": "Get dashboard metrics.",
                    "request": {
                        "url": {
                            "host": "{{baseUrl}}",
                            "path": "api\/dashboard",
                            "query": [],
                            "raw": "{{baseUrl}}\/api\/dashboard"
                        },
                        "method": "GET",
                        "header": [
                            {
                                "key": "Content-Type",
                                "value": "application\/json"
                            },
                            {
                                "key": "Accept",
                                "value": "application\/json"
                            }
                        ],
                        "body": null,
                        "description": "Retrieve summary statistics for bills, including daily and monthly counts for active and voided bills."
                    },
                    "response": [
                        {
                            "header": [],
                            "code": 200,
                            "body": "{\n    \"success\": true,\n    \"data\": {\n        \"total_bills\": 100,\n        \"void_bills_today\": 2,\n        \"bills_created_today\": 5,\n        \"total_void_bills_this_month\": 10,\n        \"total_bills_this_month\": 50\n    }\n}",
                            "name": ""
                        }
                    ]
                },
                {
                    "name": "Get daily analytics.",
                    "request": {
                        "url": {
                            "host": "{{baseUrl}}",
                            "path": "api\/dashboard\/daily",
                            "query": [
                                {
                                    "key": "month",
                                    "value": "12",
                                    "description": "The month number (1-12). Defaults to current month.",
                                    "disabled": false
                                },
                                {
                                    "key": "year",
                                    "value": "2025",
                                    "description": "The year. Defaults to current year.",
                                    "disabled": false
                                }
                            ],
                            "raw": "{{baseUrl}}\/api\/dashboard\/daily?month=12&year=2025"
                        },
                        "method": "GET",
                        "header": [
                            {
                                "key": "Content-Type",
                                "value": "application\/json"
                            },
                            {
                                "key": "Accept",
                                "value": "application\/json"
                            }
                        ],
                        "body": null,
                        "description": "Retrieve daily counts of bills created (active) and voided bills for the specified month and year.\nUse this data to generate a stacked bar chart."
                    },
                    "response": [
                        {
                            "header": [],
                            "code": 200,
                            "body": "{\n    \"success\": true,\n    \"data\": [\n        {\n            \"date\": \"2025-12-01\",\n            \"void_bills\": 1,\n            \"bills_created\": 5\n        }\n    ]\n}",
                            "name": ""
                        }
                    ]
                },
                {
                    "name": "Get monthly analytics.",
                    "request": {
                        "url": {
                            "host": "{{baseUrl}}",
                            "path": "api\/dashboard\/monthly",
                            "query": [
                                {
                                    "key": "month",
                                    "value": "12",
                                    "description": "The month number (1-12). Defaults to current month.",
                                    "disabled": false
                                },
                                {
                                    "key": "year",
                                    "value": "2025",
                                    "description": "The year. Defaults to current year.",
                                    "disabled": false
                                }
                            ],
                            "raw": "{{baseUrl}}\/api\/dashboard\/monthly?month=12&year=2025"
                        },
                        "method": "GET",
                        "header": [
                            {
                                "key": "Content-Type",
                                "value": "application\/json"
                            },
                            {
                                "key": "Accept",
                                "value": "application\/json"
                            }
                        ],
                        "body": null,
                        "description": "Retrieve total counts of valid bills (created and active) and voided bills for the specified month and year.\nUse this data to generate a pie chart."
                    },
                    "response": [
                        {
                            "header": [],
                            "code": 200,
                            "body": "{\n    \"success\": true,\n    \"data\": {\n        \"total_bills\": 50,\n        \"total_void_bills\": 10\n    }\n}",
                            "name": ""
                        }
                    ]
                }
            ]
        },
        {
            "name": "Profile Management",
            "description": "\nAPIs for managing user profile",
            "item": [
                {
                    "name": "Get Profile",
                    "request": {
                        "url": {
                            "host": "{{baseUrl}}",
                            "path": "api\/profile",
                            "query": [],
                            "raw": "{{baseUrl}}\/api\/profile"
                        },
                        "method": "GET",
                        "header": [
                            {
                                "key": "Content-Type",
                                "value": "application\/json"
                            },
                            {
                                "key": "Accept",
                                "value": "application\/json"
                            }
                        ],
                        "body": null,
                        "description": "Retrieve the authenticated user's profile information including personal details,\ncontact information, and role."
                    },
                    "response": [
                        {
                            "header": [],
                            "code": 200,
                            "body": "{\n  \"success\": true,\n  \"message\": \"Profile retrieved successfully\",\n  \"data\": {\n    \"id\": 1,\n    \"name\": \"John Doe\",\n    \"username\": \"johndoe\",\n    \"email\": \"john@example.com\",\n    \"contact_number\": \"+60123456789\",\n    \"date_of_birth\": \"1990-01-15\",\n    \"gender\": \"male\",\n    \"ic_number\": \"900115-01-1234\",\n    \"position\": \"Software Engineer\",\n    \"image\": \"\/storage\/users\/example.jpg\",\n    \"company_id\": 1,\n    \"role\": \"staff\",\n    \"created_at\": \"2025-01-01T00:00:00.000000Z\",\n    \"updated_at\": \"2025-01-10T12:00:00.000000Z\"\n  }\n}",
                            "name": ""
                        },
                        {
                            "header": [],
                            "code": 401,
                            "body": "{\n  \"message\": \"Unauthenticated.\"\n}",
                            "name": ""
                        }
                    ]
                },
                {
                    "name": "Update Profile",
                    "request": {
                        "url": {
                            "host": "{{baseUrl}}",
                            "path": "api\/profile",
                            "query": [],
                            "raw": "{{baseUrl}}\/api\/profile"
                        },
                        "method": "POST",
                        "header": [
                            {
                                "key": "Content-Type",
                                "value": "multipart\/form-data"
                            },
                            {
                                "key": "Accept",
                                "value": "application\/json"
                            }
                        ],
                        "body": {
                            "mode": "formdata",
                            "formdata": [
                                {
                                    "key": "username",
                                    "value": "johndoe",
                                    "type": "text",
                                    "description": "optional The user's username (must be unique)."
                                },
                                {
                                    "key": "contact_number",
                                    "value": "+60123456789",
                                    "type": "text",
                                    "description": "optional The user's contact number (must be unique)."
                                },
                                {
                                    "key": "image",
                                    "src": [],
                                    "type": "file"
                                }
                            ]
                        },
                        "description": "Update the authenticated user's profile information. All fields are optional.\nOnly provided fields will be updated. Role and company_id cannot be changed through this endpoint."
                    },
                    "response": [
                        {
                            "header": [],
                            "code": 200,
                            "body": "{\n  \"success\": true,\n  \"message\": \"Profile updated successfully\",\n  \"data\": {\n    \"id\": 1,\n    \"username\": \"johndoe\",\n    \"contact_number\": \"+60123456789\",\n    \"image\": \"\/storage\/users\/example.jpg\",\n    \"created_at\": \"2025-01-01T00:00:00.000000Z\",\n    \"updated_at\": \"2025-01-10T12:30:00.000000Z\"\n  }\n}",
                            "name": ""
                        },
                        {
                            "header": [],
                            "code": 401,
                            "body": "{\n  \"message\": \"Unauthenticated.\"\n}",
                            "name": ""
                        },
                        {
                            "header": [],
                            "code": 422,
                            "body": "{\n  \"message\": \"The contact number has already been taken.\",\n  \"errors\": {\n    \"contact_number\": [\n      \"The contact number has already been taken.\"\n    ]\n  }\n}",
                            "name": ""
                        }
                    ]
                },
                {
                    "name": "Update Password",
                    "request": {
                        "url": {
                            "host": "{{baseUrl}}",
                            "path": "api\/profile\/password",
                            "query": [],
                            "raw": "{{baseUrl}}\/api\/profile\/password"
                        },
                        "method": "POST",
                        "header": [
                            {
                                "key": "Content-Type",
                                "value": "application\/json"
                            },
                            {
                                "key": "Accept",
                                "value": "application\/json"
                            }
                        ],
                        "body": {
                            "mode": "raw",
                            "raw": "{\"current_password\":\"oldpassword123\",\"new_password\":\"newpassword123\",\"new_password_confirmation\":\"newpassword123\"}"
                        },
                        "description": "Change the authenticated user's password. Requires current password verification.\nThe new password must be at least 8 characters and must be confirmed."
                    },
                    "response": [
                        {
                            "header": [],
                            "code": 200,
                            "body": "{\n  \"success\": true,\n  \"message\": \"Password updated successfully\"\n}",
                            "name": ""
                        },
                        {
                            "header": [],
                            "code": 401,
                            "body": "{\n  \"message\": \"Unauthenticated.\"\n}",
                            "name": ""
                        },
                        {
                            "header": [],
                            "code": 422,
                            "body": "{\n  \"success\": false,\n  \"message\": \"Current password is incorrect\",\n  \"errors\": {\n    \"current_password\": [\n      \"The current password is incorrect.\"\n    ]\n  }\n}",
                            "name": "Current password incorrect"
                        },
                        {
                            "header": [],
                            "code": 422,
                            "body": "{\n  \"message\": \"The new password field confirmation does not match.\",\n  \"errors\": {\n    \"new_password\": [\n      \"The new password field confirmation does not match.\"\n    ]\n  }\n}",
                            "name": "Validation error"
                        }
                    ]
                }
            ]
        }
    ],
    "auth": {
        "type": "bearer",
        "bearer": [
            {
                "key": "Authorization",
                "type": "string"
            }
        ]
    }
}